"","x"
"1",1
"2",0.805800096434385
"3",0.554169347479714
"4",0.28063958561532
"5",-0.00238888174494294
"6",-0.228342716346332
"7",-0.373354078556097
"8",-0.453546553633011
"9",-0.482229604485574
"10",-0.465246807992956
"11",-0.404191249075832
"12",-0.310506573491328
"13",-0.194865145321864
"14",-0.0653694905551802
"15",0.0498663973490207
"16",0.130341011539359
"17",0.171830368330008
"18",0.193435578619288
"19",0.204874250909014
"20",0.201239992405678
"21",0.183249968420175
"22",0.153379563138688
"23",0.111652660502828
"24",0.0574077884772022
"25",-0.00209682498411826
"26",-0.0608341947813152
"27",-0.113809829383458
"28",-0.154315702601305
"29",-0.179212295709466
"30",-0.181623305240021
"31",-0.163480556842335
"32",-0.125782304547788
"33",-0.0778096264546254
"34",-0.0305611362346311
"35",0.00819292549287476
"36",0.042315621690672
"37",0.0539293270379215
"38",0.0546904849875025
"39",0.0469419466803038
"40",0.0350512410879002
"41",0.0449746810189355
"42",0.0927508381085574
"43",0.148506790434659
"44",0.207007849886883
"45",0.2514682989193
"46",0.239858304246269
"47",0.169033926929758
"48",0.0789079805340663
"49",-0.0290741381209476
"50",-0.133930441803066
"51",-0.209726680373377
"52",-0.248978306301672
"53",-0.256886300023592
"54",-0.245163930252756
"55",-0.209593760272101
"56",-0.150415946806419
"57",-0.0791105821739735
"58",-0.00206678804441598
"59",0.0670675702209924
"60",0.113875821816077
"61",0.133019759884671
"62",0.135651664915242
"63",0.138555226704561
"64",0.140848039640259
"65",0.143742686063426
"66",0.142620218519197
"67",0.126825971378641
"68",0.082887602876659
"69",0.0140874522564272
"70",-0.0662521013250529
"71",-0.143281616169669
"72",-0.204445571785886
"73",-0.244743145477884
"74",-0.260796062865783
"75",-0.249261239453358
"76",-0.210944953918285
"77",-0.13753581747623
"78",-0.0378820030797733
"79",0.0682037028996515
"80",0.165716417857923
"81",0.228511106682656
"82",0.232724555267671
"83",0.20820158908899
"84",0.160975051640474
"85",0.0999573027197026
"86",0.0570334759773238
"87",0.0420566014616329
"88",0.0357752550856743
"89",0.0363570413079157
"90",0.0351888091751699
"91",0.0198992905617506
"92",-0.0024796485242448
"93",-0.028827329981986
"94",-0.0553217995662705
"95",-0.0928081450425643
"96",-0.131809585938191
"97",-0.155457572498705
"98",-0.164243771277089
"99",-0.152121256035458
"100",-0.12043778932281
"101",-0.0732908210103451
"102",-0.0210491954560134
"103",0.035020895075607
"104",0.0874754101386587
"105",0.131215930766293
"106",0.163907189801915
"107",0.182414891315926
"108",0.189470824504468
"109",0.183258495758437
"110",0.16089128500964
"111",0.123142209279122
"112",0.0580790328944637
"113",-0.0375116396850394
"114",-0.150186272004314
"115",-0.265056741822163
"116",-0.359843974906448
"117",-0.420749418238388
"118",-0.441843553974904
"119",-0.412318184693269
"120",-0.329944607264315
"121",-0.191204553009019
"122",0.00243294080014237
"123",0.233553804638522
"124",0.461787894636404
"125",0.643448569106371
"126",0.715432052777717
"127",0.672866453305295
"128",0.520581175964701
"129",0.295251521323345
"130",0.0635198637603984
"131",-0.138891644564311
"132",-0.287624123830495
"133",-0.385350798081718
"134",-0.42853681320975
"135",-0.422307180997286
"136",-0.376956428734561
"137",-0.29796137540889
"138",-0.196794784024613
"139",-0.0869877150915706
"140",0.0127387679366682
"141",0.0910902871195119
"142",0.145186732248583
"143",0.178944657589699
"144",0.193588695879932
"145",0.189353095864168
"146",0.176220842152553
"147",0.14902933315153
"148",0.10953226944471
"149",0.0600438373226472
"150",0.0014957045554928
"151",-0.0571932823738391
"152",-0.10891837090757
"153",-0.14468170086836
"154",-0.159021732884041
"155",-0.157764600189619
"156",-0.137644523428799
"157",-0.104121814780705
"158",-0.0657968799412377
"159",-0.0273105791199775
"160",0.00683801086771574
"161",0.0356658637467341
"162",0.0554710157708446
"163",0.0519605297748328
"164",0.0382289163798338
"165",0.0311242749885977
"166",0.033537044488254
"167",0.0655949146549591
"168",0.121745891851512
"169",0.178499087281754
"170",0.216897567808396
"171",0.221397118051655
"172",0.172268831298072
"173",0.0884389044113674
"174",-0.0138068574844303
"175",-0.108013721607367
"176",-0.177423767170224
"177",-0.213425157279213
"178",-0.229371780575465
"179",-0.224378139182741
"180",-0.194934073824149
"181",-0.149643697257019
"182",-0.0886851795514554
"183",-0.0174448531212426
"184",0.0486354532743672
"185",0.0963257711512317
"186",0.123593903492483
"187",0.133251765599899
"188",0.13214539649926
"189",0.129237164845881
"190",0.132123822501599
"191",0.133809032944147
"192",0.120594708944847
"193",0.0782187088521771
"194",0.0166074983214862
"195",-0.0553580545124318
"196",-0.125521498395495
"197",-0.187340408832017
"198",-0.223587239361491
"199",-0.237257713200978
"200",-0.233672125044908
"201",-0.197047457741744
"202",-0.12712883622876
"203",-0.0397228183559342
"204",0.0536537794861213
"205",0.141757445624144
"206",0.208484354909381
"207",0.226491993479706
"208",0.200959498055704
"209",0.157313600688081
"210",0.0936737522333618
"211",0.0415544855249081
"212",0.0204347535334292
"213",0.0270268533626641
"214",0.0365611849384583
"215",0.0454662733509037
"216",0.0490017114830951
"217",0.0294526289438946
"218",-0.0163103645906789
"219",-0.0521303765271919
"220",-0.0916431235180667
"221",-0.126182502391215
"222",-0.144478518175882
"223",-0.148204251924796
"224",-0.140223026379454
"225",-0.115237106776822
"226",-0.0762351961772206
"227",-0.0312810178249911
"228",0.0193076639208629
"229",0.0683741826669855
"230",0.110696658195885
"231",0.142303465490849
"232",0.161345249636407
"233",0.171368122308901
"234",0.173647344998252
"235",0.166480493082571
"236",0.137041169241561
"237",0.0764835185894448
"238",-0.0103858272990912
"239",-0.114425403296712
"240",-0.217271547677302
"241",-0.312973578508468
"242",-0.385273368956504
"243",-0.421933170209361
"244",-0.414281281171152
"245",-0.353432212907568
"246",-0.232390120864926
"247",-0.043146667039753
"248",0.195007336891153
"249",0.417067456819197
"250",0.608177641260437
"251",0.704766548815133
"252",0.660064598366762
"253",0.50551477286997
"254",0.30063093481104
"255",0.0766454252668595
"256",-0.119253953530837
"257",-0.264314812547143
"258",-0.353794420677227
"259",-0.398067062385638
"260",-0.395593023918938
"261",-0.354711099549868
"262",-0.285997641465305
"263",-0.195943131919849
"264",-0.0996350121226248
"265",-0.00909664446863789
"266",0.0649798692788808
"267",0.119326765899138
"268",0.158051637407961
"269",0.181837121983781
"270",0.191426389168403
"271",0.176787736855942
"272",0.151114867626379
"273",0.108739707857368
"274",0.0608626969928839
"275",0.00967065115843431
"276",-0.0425144225426906
"277",-0.0905615501189048
"278",-0.12322777391653
"279",-0.140513449425047
"280",-0.142942178494305
"281",-0.126872350922239
"282",-0.0934742647637696
"283",-0.0528058903794256
"284",-0.0197454456961646
"285",0.0110466311098476
"286",0.0335903518844773
"287",0.0375870771621273
"288",0.0238839019171766
"289",0.00978194520099944
"290",0.00368145556838127
"291",0.0136276218879939
"292",0.0530466391526979
"293",0.109517888750543
"294",0.170285555758743
"295",0.209335569221953
"296",0.210473679099227
"297",0.167509302674913
"298",0.0901968803189569
"299",0.00343640011175486
"300",-0.0851152676489844
"301",-0.160123216933772
"302",-0.203522349963949
"303",-0.217325343488823
"304",-0.210802907087362
"305",-0.183103843026232
"306",-0.136159898340017
"307",-0.0779484976478372
"308",-0.0173812888065551
"309",0.0375249294845795
"310",0.0748925584752208
"311",0.0951842423210843
"312",0.101210561734362
"313",0.104713353530559
"314",0.110678959917434
"315",0.120738455472496
"316",0.127890615664172
"317",0.125554035893129
"318",0.0987084126088222
"319",0.0462994178478299
"320",-0.0266631801770369
"321",-0.0987619127095979
"322",-0.163573881238936
"323",-0.211066103316629
"324",-0.232588252005297
"325",-0.225503934733216
"326",-0.19038930195225
"327",-0.12941653580168
"328",-0.045433892368734
"329",0.0427040047509257
"330",0.124991512410342
"331",0.187173271187093
"332",0.204027472779116
"333",0.181903345994215
"334",0.143173679393247
"335",0.093281471685614
"336",0.0546952481755077
"337",0.0345511227642705
"338",0.033682849955393
"339",0.0381595448566989
"340",0.0431319216499301
"341",0.0349175290912534
"342",0.0153585490502151
"343",-0.00996519534474038
"344",-0.0399993581164711
"345",-0.0695740099990063
"346",-0.101690393051771
"347",-0.122915498229712
"348",-0.130900960280709
"349",-0.126241530346441
"350",-0.112047819859544
"351",-0.0862932267141544
"352",-0.0507982553736794
"353",-0.00629508643931385
"354",0.0390319720596025
"355",0.0789236756612628
"356",0.109505035790236
"357",0.135382716488669
"358",0.154837371061288
"359",0.164850203967383
"360",0.165424213019238
"361",0.148778534535418
"362",0.110958574459963
"363",0.0338890989758583
"364",-0.0718059937087619
"365",-0.18569277349478
"366",-0.28712623755534
"367",-0.36681158741516
"368",-0.407956776435665
"369",-0.401903138236849
"370",-0.343239716473494
"371",-0.224692422242688
"372",-0.0465892017969387
"373",0.165890934772218
"374",0.377396992098419
"375",0.551742595288352
"376",0.635038271819756
"377",0.605565360538504
"378",0.48113565798516
"379",0.28788956290228
"380",0.0836107076722861
"381",-0.0928462582692102
"382",-0.22885607408749
"383",-0.318069330272451
"384",-0.363654570800932
"385",-0.368850247671262
"386",-0.335081504149129
"387",-0.272138873880979
"388",-0.190267022197157
"389",-0.0984724324480745
"390",-0.0119470867439646
"391",0.0614301645633006
"392",0.114821019666934
"393",0.147266492226911
"394",0.165061544433013
"395",0.167714813817183
"396",0.153694786439198
"397",0.130732026165032
"398",0.0946038124407072
"399",0.0485917304010139
"400",-0.00203534096401923
"401",-0.0478241980143215
"402",-0.0947358291376483
"403",-0.122110105761986
"404",-0.130541863679589
"405",-0.120327851666461
"406",-0.097475793350302
"407",-0.0672020400251308
"408",-0.0297997654377197
"409",0.00432396103835252
"410",0.0327391106140422
"411",0.0367872994901972
"412",0.0310549282425889
"413",0.0149492897016292
"414",-0.00452450963223516
"415",-0.0100776437509534
"416",0.00371995227700192
"417",0.044038452840332
"418",0.0972156913929013
"419",0.153587717983761
"420",0.193964140960561
"421",0.207328895191702
"422",0.16414556138529
"423",0.0980165016184553
"424",0.0200959071823495
"425",-0.0680987480821442
"426",-0.135993240642375
"427",-0.179946486094315
"428",-0.204225532481768
"429",-0.20551329838702
"430",-0.182277038547611
"431",-0.139122313548062
"432",-0.0825702497637928
"433",-0.0219985204039539
"434",0.0302257558994052
"435",0.0683176148160909
"436",0.0889805840093038
"437",0.0961272828121538
"438",0.0998667496744988
"439",0.106431614738278
"440",0.116066424100152
"441",0.123485980460509
"442",0.119264157332138
"443",0.089645622657646
"444",0.0405781085587852
"445",-0.0216048122638438
"446",-0.0907717547401194
"447",-0.154951553601674
"448",-0.195518076864314
"449",-0.218707811369771
"450",-0.214684298665548
"451",-0.186384205817456
"452",-0.124683741264073
"453",-0.0379890506119809
"454",0.0574721304657445
"455",0.141975088065481
"456",0.198507906322555
"457",0.208224125095849
"458",0.185753677988634
"459",0.137028631950538
"460",0.0788031894452783
"461",0.0318375656456574
"462",0.00236307243225046
"463",-0.00184594782181078
"464",0.00980858662264895
"465",0.0210300401290975
"466",0.019870124132333
"467",0.00814234740885731
"468",-0.00838783721785906
"469",-0.0299975481508373
"470",-0.0538249840508781
"471",-0.0750217756227218
"472",-0.0983615915551566
"473",-0.111740396241725
"474",-0.111824461885918
"475",-0.0981974030169664
"476",-0.0761857455524471
"477",-0.0464642493149409
"478",-0.0122123163774631
"479",0.0219803316327707
"480",0.0533734866569441
"481",0.08306313328997
"482",0.11019385753234
"483",0.134725489706653
"484",0.154496798844138
"485",0.16157314786051
"486",0.150570209460248
"487",0.109151353390128
"488",0.048715387605326
"489",-0.0414083237652131
"490",-0.14552129160817
"491",-0.245103492775455
"492",-0.329575325469017
"493",-0.381496757654645
"494",-0.389194785467359
"495",-0.342979196140889
"496",-0.237084706272354
"497",-0.063019961488231
"498",0.154192897344351
"499",0.361291869965406
"500",0.526555786073675
"501",0.617437387911849
"502",0.590936689280542
"503",0.46052283137111
"504",0.281982640336486
"505",0.0783634878703177
"506",-0.101622963575282
"507",-0.236283908869687
"508",-0.320740595128724
"509",-0.359336881041092
"510",-0.355587348842454
"511",-0.315557712337271
"512",-0.250438992344089
"513",-0.16768451516429
"514",-0.0783082705463486
"515",0.00351481994407306
"516",0.065404677346861
"517",0.105975632007738
"518",0.13136722351401
"519",0.146237219091174
"520",0.150298551250193
"521",0.145595543196158
"522",0.127564514215119
"523",0.0931131168471134
"524",0.0439105323792375
"525",-0.00949271316303055
"526",-0.0606326828927425
"527",-0.0994985629730581
"528",-0.12713082321092
"529",-0.132864465456437
"530",-0.11672648649041
"531",-0.0891768947863831
"532",-0.0534104964695861
"533",-0.00732219136873889
"534",0.0312310277346351
"535",0.0531685644014513
"536",0.0613463516113921
"537",0.0562915953777318
"538",0.0223272181231134
"539",-0.00893597882389392
"540",-0.0304604756915243
"541",-0.0287902602349691
"542",0.00680298394402778
"543",0.0699752346464579
"544",0.131342207773292
"545",0.182325792306327
"546",0.199285179939814
"547",0.169428074827273
"548",0.104965127803276
"549",0.00924572905155886
"550",-0.0700647603911444
"551",-0.135755878046734
"552",-0.174273412749903
"553",-0.188329088187473
"554",-0.183378137136062
"555",-0.161661945485904
"556",-0.12402768174047
"557",-0.07523840880627
"558",-0.0228735976036812
"559",0.025036535914189
"560",0.0590812234430215
"561",0.0771010274486175
"562",0.0806559094058618
"563",0.0813700527629707
"564",0.088856165333559
"565",0.0988128205381093
"566",0.1084414751226
"567",0.110656239466261
"568",0.0934639266592423
"569",0.049066279324406
"570",-0.00992054502233174
"571",-0.0844818988240995
"572",-0.150645915405604
"573",-0.196851504859549
"574",-0.217974001394697
"575",-0.208728678370031
"576",-0.168855435553436
"577",-0.0993264463054658
"578",-0.0102630189751289
"579",0.0719974007271836
"580",0.146897041704119
"581",0.189759297297788
"582",0.1987889645053
"583",0.163552810506538
"584",0.112242522603873
"585",0.0614740769435293
"586",0.0151002858552366
"587",-0.0112922733705487
"588",-0.0105619381934826
"589",0.00510152037861052
"590",0.0137882829448325
"591",0.0237949323133038
"592",0.0174378358658966
"593",0.00753300366853633
"594",-0.00884576734361511
"595",-0.0341058343923752
"596",-0.0592310935882199
"597",-0.0836803891471713
"598",-0.103302507988786
"599",-0.107358935150401
"600",-0.0946961065630225
"601",-0.0728431229343523
"602",-0.0455329028327744
"603",-0.0159044268914145
"604",0.0140970778961953
"605",0.0382315430090002
"606",0.0619051146553206
"607",0.0849734247663844
"608",0.106723669133048
"609",0.126163198920258
"610",0.143314851796579
"611",0.141105220586539
"612",0.11097603591801
"613",0.0573694754417159
"614",-0.0124820019379436
"615",-0.108771911365476
"616",-0.200768830796361
"617",-0.281576659062345
"618",-0.344315384868801
"619",-0.360309891753761
"620",-0.326771808000852
"621",-0.231403389339182
"622",-0.0718301423281517
"623",0.11952567903134
"624",0.31905079167092
"625",0.485843152851124
"626",0.562668787140884
"627",0.541637267965204
"628",0.429086890780215
"629",0.265442880350749
"630",0.0791225774292223
"631",-0.0868190723710479
"632",-0.210091238934807
"633",-0.288731200671188
"634",-0.326637472162489
"635",-0.330090454071566
"636",-0.299978261355159
"637",-0.238861929390649
"638",-0.159764883883407
"639",-0.0757405238203024
"640",0.00422973848358504
"641",0.0662389614439624
"642",0.106352496353571
"643",0.130034641898733
"644",0.142581251096135
"645",0.141731311373107
"646",0.127414509222822
"647",0.105547920823019
"648",0.0717193604950512
"649",0.0213512705815255
"650",-0.0257607532358752
"651",-0.0697060811262578
"652",-0.103996298848025
"653",-0.125349324364203
"654",-0.12743954508577
"655",-0.110566633268971
"656",-0.0751810459236788
"657",-0.0356919355491506
"658",0.0118033746490183
"659",0.0518280059932833
"660",0.075381990259863
"661",0.0850323881410588
"662",0.0718750687887981
"663",0.0369402769525194
"664",-0.00812691788641545
"665",-0.0392140098958176
"666",-0.0395630592380306
"667",-0.0127387065441082
"668",0.0387596709038171
"669",0.0999604479320437
"670",0.153234153745673
"671",0.168889356592037
"672",0.146475470528354
"673",0.0967549975298235
"674",0.0263461879841158
"675",-0.047240104022134
"676",-0.102551369316523
"677",-0.141502441716776
"678",-0.160758792946927
"679",-0.163319070274363
"680",-0.145218528095131
"681",-0.116117919696733
"682",-0.0737487836552782
"683",-0.0242915988698351
"684",0.019785403274202
"685",0.0477983063406094
"686",0.0584429461240025
"687",0.0579542126196117
"688",0.057609253490296
"689",0.0641193960953397
"690",0.076354970741434
"691",0.0927427427566904
"692",0.0986655902124753
"693",0.085361103883525
"694",0.0509162785915192
"695",-6.28795227981537e-05
"696",-0.0662805283701411
"697",-0.123625983177178
"698",-0.167495432068839
"699",-0.186698687450322
"700",-0.181866139369264
"701",-0.150796741953321
"702",-0.0929103015082579
"703",-0.00868923824252282
"704",0.0663176724402249
"705",0.131902451341238
"706",0.176680616528197
"707",0.183674059058517
"708",0.153636044619119
"709",0.107516811766823
"710",0.0527130067814964
"711",0.00887677297379398
"712",-0.0185954585881104
"713",-0.0248026496009487
"714",-0.0125353706516508
"715",0.0027600115595864
"716",0.0153585006176804
"717",0.0200111926778443
"718",0.0108892199132766
"719",-0.0108445657746548
"720",-0.0291391425778264
"721",-0.0522482728475139
"722",-0.0717618864064575
"723",-0.0848678193074558
"724",-0.0870141567714954
"725",-0.0790133245952464
"726",-0.0654008792112053
"727",-0.0468946780799354
"728",-0.0292086605074871
"729",-0.0120242177543685
"730",0.00505717978486074
"731",0.0254415285942087
"732",0.0481640670807622
"733",0.0786751435928814
"734",0.109461697625067
"735",0.137285246699549
"736",0.151667255229606
"737",0.138186463533565
"738",0.101806880067422
"739",0.034583051550141
"740",-0.0535590745269973
"741",-0.149987243557131
"742",-0.242159770741933
"743",-0.308693961932596
"744",-0.344398353127859
"745",-0.330769928947434
"746",-0.25673907324261
"747",-0.125808347996635
"748",0.063736631489389
"749",0.260805215137217
"750",0.423317312311963
"751",0.532493884898941
"752",0.529615246389718
"753",0.431571838264063
"754",0.284159106253365
"755",0.10882350256497
"756",-0.0564540274837765
"757",-0.183561305476678
"758",-0.262931976840973
"759",-0.308277838699901
"760",-0.316928701439756
"761",-0.290169967669088
"762",-0.233454643294439
"763",-0.159013268029213
"764",-0.0760755133414037
"765",-0.00215770723821351
"766",0.0526737329301213
"767",0.0891892194479643
"768",0.113560402538539
"769",0.131415807235894
"770",0.135749655522498
"771",0.127397357100941
"772",0.105154796422511
"773",0.0648953265605757
"774",0.018364346867078
"775",-0.0253287315940061
"776",-0.0690040496608919
"777",-0.0966298277255317
"778",-0.11003493138121
"779",-0.110489111056408
"780",-0.0922160917477234
"781",-0.0614644129877202
"782",-0.0214351455712803
"783",0.0209680929332232
"784",0.0531401444646888
"785",0.0742206751208849
"786",0.080636738559928
"787",0.0668353910829406
"788",0.0202946971567506
"789",-0.0147784404661539
"790",-0.0417678893406826
"791",-0.0524241513083835
"792",-0.030626944389085
"793",0.0241535075308071
"794",0.0858656492288509
"795",0.139549305865785
"796",0.172463911597513
"797",0.157019610983563
"798",0.0972778458022944
"799",0.0239728584442204
"800",-0.0406649753498158
"801",-0.090246082307691
"802",-0.130013918041539
"803",-0.148485262969411
"804",-0.14640408934457
"805",-0.131995196329839
"806",-0.106638743984618
"807",-0.0705158660630722
"808",-0.0283039170942442
"809",0.007932931096948
"810",0.0332894100667741
"811",0.0439064644402107
"812",0.0416591247678944
"813",0.0385082577575817
"814",0.0484455057728334
"815",0.0683573076375908
"816",0.0889733836509093
"817",0.101191977601664
"818",0.0927653942170931
"819",0.070093964447314
"820",0.0219564973012664
"821",-0.0431205841263739
"822",-0.10298827387832
"823",-0.152082916378099
"824",-0.180716581747174
"825",-0.181268196218352
"826",-0.149555292048935
"827",-0.0900479607809266
"828",-0.0138649420325751
"829",0.0648498625852277
"830",0.130696794187266
"831",0.166866627205862
"832",0.168939420214734
"833",0.135773297970339
"834",0.0881720479697531
"835",0.0369176963107182
"836",-0.0036486138755177
"837",-0.0183089970859975
"838",-0.017483144747799
"839",-0.0117315365478515
"840",0.000807665788165827
"841",0.0174764368211165
"842",0.0170264911137998
"843",0.0118208736952012
"844",0.00513522029413807
"845",-0.00613499106328518
"846",-0.0299623555209202
"847",-0.0535057764717157
"848",-0.0690369012761734
"849",-0.0772171268746333
"850",-0.0790974912263654
"851",-0.073133710703894
"852",-0.0600168511503152
"853",-0.0429849209258142
"854",-0.0279324967802957
"855",-0.0132584667660944
"856",0.00127837131475377
"857",0.0183924665346456
"858",0.0450725475903493
"859",0.0809215246236869
"860",0.118780048635609
"861",0.147249425847183
"862",0.150241386442962
"863",0.140655174996833
"864",0.0955082151547728
"865",0.00677154472666024
"866",-0.0972789559331804
"867",-0.200911668701232
"868",-0.284819357760074
"869",-0.330872416783544
"870",-0.327122439773717
"871",-0.262682612353585
"872",-0.142282960196637
"873",0.0235121625343366
"874",0.204050314661332
"875",0.372936248184145
"876",0.472925397242361
"877",0.47897452136233
"878",0.413811278223634
"879",0.281132683756291
"880",0.117012426873423
"881",-0.031005365867964
"882",-0.147001322134445
"883",-0.227291198119721
"884",-0.272353250189373
"885",-0.283154954492283
"886",-0.26420187017651
"887",-0.221089566653052
"888",-0.159970499969149
"889",-0.090518133908982
"890",-0.0230301185515717
"891",0.0333487334611387
"892",0.0714562497778491
"893",0.0987329271384454
"894",0.115895558932679
"895",0.122387746423237
"896",0.118160487892968
"897",0.0981238364513227
"898",0.0666141411913441
"899",0.0271825270999377
"900",-0.0120306558727134
"901",-0.0522850431239617
"902",-0.0845086452960858
"903",-0.101677964103758
"904",-0.109154297163728
"905",-0.0965247839010468
"906",-0.070989198620633
"907",-0.0258437131378526
"908",0.0207208909079042
"909",0.0555852526750393
"910",0.0815016612688995
"911",0.0809431388650717
"912",0.0647302149139948
"913",0.0356619901485577
"914",-0.0126331556183225
"915",-0.0394125079979266
"916",-0.0470431463723754
"917",-0.0306137041086853
"918",0.0123907713265072
"919",0.0636981284031861
"920",0.117097496208358
"921",0.14438729659767
"922",0.132619215704898
"923",0.0929202336952644
"924",0.0360074235867364
"925",-0.0258433755742162
"926",-0.0790887254051773
"927",-0.109155356844426
"928",-0.122112883897982
"929",-0.126469585120113
"930",-0.114600626534749
"931",-0.0923703670948225
"932",-0.0632035816182623
"933",-0.0285014397964542
"934",0.000424594750711032
"935",0.0208493760078113
"936",0.0283749408484677
"937",0.0290975616982917
"938",0.0305218957136141
"939",0.037474029442707
"940",0.0569572165049143
"941",0.0869492343597952
"942",0.101907937943738
"943",0.101131903511384
"944",0.0753793481422525
"945",0.0270498801588037
"946",-0.0351084971752292
"947",-0.09639128818592
"948",-0.14180080618299
"949",-0.165263351667414
"950",-0.163961666857685
"951",-0.141084176537106
"952",-0.0895890778286018
"953",-0.0163508249530688
"954",0.0575317651667891
"955",0.11955665308738
"956",0.156772435909478
"957",0.164220383237573
"958",0.131776502922202
"959",0.0868025489708285
"960",0.0412194486096288
"961",0.00107516801857359
"962",-0.024034544101835
"963",-0.0344937098848319
"964",-0.0264806246654528
"965",-0.00876408099735727
"966",0.00847862665929893
"967",0.0178212627813862
"968",0.0225839533362932
"969",0.0263650570188628
"970",0.011466606092706
"971",-0.00927362971720047
"972",-0.0345759986471591
"973",-0.0572663209740553
"974",-0.0703648066853435
"975",-0.0763753506683903
"976",-0.0751535094316501
"977",-0.0712810465927801
"978",-0.0622339902466921
"979",-0.0497105446383467
"980",-0.035432133561208
"981",-0.0178455256351011
"982",0.0069644011996597
"983",0.0363984698705245
"984",0.075415087216196
"985",0.117163790766281
"986",0.153991612733375
"987",0.174280767758266
"988",0.158679579507616
"989",0.103470887391234
"990",0.0251334342099199
"991",-0.0738151424045013
"992",-0.180330188555345
"993",-0.264327337606807
"994",-0.318613111447619
"995",-0.325559357327346
"996",-0.279439208552376
"997",-0.169149923814982
"998",-0.0103431459565667
"999",0.161680015440032
"1000",0.321481721874434
"1001",0.438649496527149
"1002",0.466019195408962
"1003",0.40267219619972
"1004",0.287571771454671
"1005",0.142947523687903
"1006",-0.003997905440249
"1007",-0.122559490411762
"1008",-0.204064341623487
"1009",-0.251494721480851
"1010",-0.267888006650458
"1011",-0.252968663416295
"1012",-0.212803450459167
"1013",-0.154768076187529
"1014",-0.0861429936281215
"1015",-0.0193084146456778
"1016",0.0316169472429938
"1017",0.0674386785432269
"1018",0.0887862557962506
"1019",0.0999424729209003
"1020",0.106142026598623
"1021",0.100952353928116
"1022",0.087341017866078
"1023",0.0588563394286887
"1024",0.0218131653027914
"1025",-0.0133956096486795
"1026",-0.0495278030752039
"1027",-0.0753173496484358
"1028",-0.0902564055602866
"1029",-0.0962034986993867
"1030",-0.0858578464845655
"1031",-0.0554215269471834
"1032",-0.0205281959027194
"1033",0.0171904418559669
"1034",0.0606763512237936
"1035",0.0809125453799539
"1036",0.0825109425089487
"1037",0.0664871985181733
"1038",0.0269541058861314
"1039",-0.0119669477484161
"1040",-0.0435746107980312
"1041",-0.0610305640625235
"1042",-0.0438576739019897
"1043",-0.00491979111679134
"1044",0.0519115971202776
"1045",0.101856121126365
"1046",0.132459560844311
"1047",0.131588696930013
"1048",0.0954102289959401
"1049",0.0463730581035699
"1050",-0.0128957903281439
"1051",-0.0665254219993001
"1052",-0.10028766407386
"1053",-0.115832167215622
"1054",-0.116890742124995
"1055",-0.103216005613352
"1056",-0.0817425644380036
"1057",-0.0588514104249738
"1058",-0.0320140632979669
"1059",-0.00921312695387261
"1060",0.0083674160170722
"1061",0.0181684708202707
"1062",0.0205863990852118
"1063",0.0205879756084065
"1064",0.0255850024244614
"1065",0.0400599814844243
"1066",0.0621875645422103
"1067",0.0815449920335849
"1068",0.0830678653217889
"1069",0.0695742285431536
"1070",0.0314770643486495
"1071",-0.0286859499074793
"1072",-0.0825418719197334
"1073",-0.125245161623348
"1074",-0.146613633980382
"1075",-0.145608832809477
"1076",-0.114198201362751
"1077",-0.0582226915268401
"1078",0.00522636724325989
"1079",0.0717991237950412
"1080",0.123559112918585
"1081",0.147239618207329
"1082",0.14371104780943
"1083",0.113128241391351
"1084",0.0699945666007545
"1085",0.020605090701731
"1086",-0.016657762798907
"1087",-0.0374171808262541
"1088",-0.0363710989181423
"1089",-0.0251150752870983
"1090",-0.00722618071221207
"1091",0.0136683133650161
"1092",0.0226948152675523
"1093",0.0259965034559345
"1094",0.027219322979157
"1095",0.0158559790196542
"1096",-0.00012441081473072
"1097",-0.0154305854132344
"1098",-0.0343659004476524
"1099",-0.0468319423865003
"1100",-0.0537857610463553
"1101",-0.0623535991036469
"1102",-0.0698969403066277
"1103",-0.0749412571162201
"1104",-0.0760127527871699
"1105",-0.0696997103923946
"1106",-0.0591121563627013
"1107",-0.040826423251189
"1108",-0.0126532357478463
"1109",0.0280268503207423
"1110",0.0832788559472866
"1111",0.141568485254852
"1112",0.183157638555078
"1113",0.198099284568425
"1114",0.17721150364828
"1115",0.103674271623384
"1116",-0.00619064638717449
"1117",-0.119450741306399
"1118",-0.219405421666089
"1119",-0.287554559039518
"1120",-0.310513749497849
"1121",-0.274348235632645
"1122",-0.178545842345441
"1123",-0.038644803964342
"1124",0.11141929149943
"1125",0.266117266363275
"1126",0.374413203376506
"1127",0.404081301783564
"1128",0.352743911829892
"1129",0.253117774440565
"1130",0.126418767440138
"1131",0.00556199706404783
"1132",-0.0966476295793275
"1133",-0.170666092105165
"1134",-0.212248457172567
"1135",-0.226119001681161
"1136",-0.214146202901419
"1137",-0.180291048839237
"1138",-0.127869250848927
"1139",-0.0737071482939946
"1140",-0.0212169564289584
"1141",0.0184148820272435
"1142",0.0453949397671059
"1143",0.0641689319060689
"1144",0.0811724084531702
"1145",0.0885260711335297
"1146",0.0821107932919155
"1147",0.0640034843846542
"1148",0.0377288435121027
"1149",0.0127608840383812
"1150",-0.0165453140070661
"1151",-0.0452152843982682
"1152",-0.0624072694685641
"1153",-0.0789276195624495
"1154",-0.0806250075079992
"1155",-0.0623473744951842
"1156",-0.0311192741249572
"1157",0.0125422797718229
"1158",0.0582306095336837
"1159",0.085155260208539
"1160",0.0910064100711835
"1161",0.0713731866580149
"1162",0.0439175591873707
"1163",0.012457990073914
"1164",-0.0344590420829478
"1165",-0.0721318415853184
"1166",-0.0793222007117405
"1167",-0.0593828656229353
"1168",-0.0171093116755994
"1169",0.0311478288993153
"1170",0.086083345505303
"1171",0.1281539527821
"1172",0.128828506972878
"1173",0.0995580926693409
"1174",0.0540350169355031
"1175",-0.0077894204068505
"1176",-0.0579510283647233
"1177",-0.0853104873521023
"1178",-0.0994556494633469
"1179",-0.102136240903645
"1180",-0.0894316749433022
"1181",-0.0692957107688257
"1182",-0.0471268874323736
"1183",-0.0240486956875244
"1184",-0.0056654414746617
"1185",0.00357222757867018
"1186",0.00189387418351776
"1187",-0.00306057977930771
"1188",-0.0060721787584146
"1189",0.00126224100817894
"1190",0.025406802325837
"1191",0.0532019010353172
"1192",0.0791105876886728
"1193",0.0886585644328958
"1194",0.0769650778941032
"1195",0.0391946746352521
"1196",-0.00885057302421018
"1197",-0.0665547013624576
"1198",-0.108554093639643
"1199",-0.129923483881691
"1200",-0.125665791469466
"1201",-0.0973936949123484
"1202",-0.0491619505897339
"1203",0.0145586320334584
"1204",0.0731544333714997
"1205",0.118820392809466
"1206",0.142240275961118
"1207",0.13369069833024
"1208",0.0938390945358231
"1209",0.0538895284741983
"1210",0.0100991232633227
"1211",-0.0319001449776684
"1212",-0.0528083053029158
"1213",-0.0505286573206232
"1214",-0.0411581761164308
"1215",-0.0234223649314838
"1216",0.00222520078681506
"1217",0.0196579896477588
"1218",0.0346064614746121
"1219",0.0424697427749213
"1220",0.0333690005760661
"1221",0.0169485844565807
"1222",0.00194990849283877
"1223",-0.0128482446930476
"1224",-0.0260102139448488
"1225",-0.036740532207855
"1226",-0.053286942522749
"1227",-0.0735110063459221
"1228",-0.0907593078247318
"1229",-0.0986808254196612
"1230",-0.100849864057129
"1231",-0.0936258570437146
"1232",-0.0729598016956136
"1233",-0.039290837412951
"1234",0.0117756836392841
"1235",0.073479008083254
"1236",0.138818911505199
"1237",0.198228500235847
"1238",0.231042032246061
"1239",0.216585761265861
"1240",0.153725925631023
"1241",0.0479024642243983
"1242",-0.0787850359184956
"1243",-0.194488985231129
"1244",-0.276285294072098
"1245",-0.31122341404925
"1246",-0.287879101708108
"1247",-0.204623139604583
"1248",-0.0747139098222517
"1249",0.0770125125670402
"1250",0.225024659926571
"1251",0.326523731262555
"1252",0.364207589680391
"1253",0.332085619606217
"1254",0.248026444047167
"1255",0.134071883101437
"1256",0.020776800585526
"1257",-0.0739053983000644
"1258",-0.149127997032769
"1259",-0.19284627515734
"1260",-0.206125616806154
"1261",-0.195968918903892
"1262",-0.167567534077593
"1263",-0.121926302321914
"1264",-0.0727297076940337
"1265",-0.0302089035519635
"1266",0.00569556888168995
"1267",0.0364253959327613
"1268",0.0597285146976388
"1269",0.0735340708982949
"1270",0.0779137262950788
"1271",0.071985606184256
"1272",0.0619709488901246
"1273",0.0358706581739497
"1274",0.0132340946922753
"1275",-0.0127742704178647
"1276",-0.0407629805520271
"1277",-0.0625617012851023
"1278",-0.0762558245406236
"1279",-0.0774933556211347
"1280",-0.0608279643118221
"1281",-0.0281864960095298
"1282",0.0157623056566171
"1283",0.0633228444739081
"1284",0.105874144865555
"1285",0.121374828327595
"1286",0.105952925768639
"1287",0.0760528506480884
"1288",0.0155046938287465
"1289",-0.0413264730387442
"1290",-0.0768941932151024
"1291",-0.0944134411637532
"1292",-0.0836374347506493
"1293",-0.0414927869304129
"1294",0.0086119455828324
"1295",0.0599676175297697
"1296",0.0973185414246595
"1297",0.10616321222156
"1298",0.089941651463316
"1299",0.0586027733831889
"1300",0.00855472608768213
"1301",-0.0347434379833555
"1302",-0.0602459857161615
"1303",-0.0740406942683183
"1304",-0.074277399002124
"1305",-0.0653333950054269
"1306",-0.0539699200482872
"1307",-0.0406791808187931
"1308",-0.0271513919239875
"1309",-0.0189629803360536
"1310",-0.0172128480772814
"1311",-0.0192244303595185
"1312",-0.0192471645094275
"1313",-0.0195646945427758
"1314",-0.0130256341734295
"1315",0.00392428912760082
"1316",0.035976571687054
"1317",0.0754120730876872
"1318",0.0952871999978665
"1319",0.0902824578480867
"1320",0.0625490128395409
"1321",0.0115883446751621
"1322",-0.0483459109202794
"1323",-0.0949757215210045
"1324",-0.123885746557933
"1325",-0.122938554945193
"1326",-0.093809111911997
"1327",-0.0384527486931717
"1328",0.0197413694282818
"1329",0.0735528507578953
"1330",0.123687146078772
"1331",0.143620259170706
"1332",0.126296938353106
"1333",0.0916990628378794
"1334",0.0449672897800223
"1335",-0.00102238989514251
"1336",-0.0392339213822358
"1337",-0.0718780481832101
"1338",-0.0747386892677432
"1339",-0.0616646827512042
"1340",-0.0370538503261491
"1341",-0.00138761334310894
"1342",0.0198797728674404
"1343",0.0393254009167036
"1344",0.0476457285088158
"1345",0.0447485802633633
"1346",0.0370825535728162
"1347",0.0229560589400674
"1348",0.0103835986557592
"1349",-0.00291144864792188
"1350",-0.0172543953167788
"1351",-0.0397188269884264
"1352",-0.0640064141743049
"1353",-0.0890043161850644
"1354",-0.107868119744761
"1355",-0.121695243358104
"1356",-0.123725757140504
"1357",-0.109633718960814
"1358",-0.0758351113012467
"1359",-0.0220950136306949
"1360",0.048506314308439
"1361",0.129216066754446
"1362",0.203165177759007
"1363",0.245220634600643
"1364",0.253750714001709
"1365",0.203582760467834
"1366",0.100915425713014
"1367",-0.0278056224998747
"1368",-0.153286432194218
"1369",-0.249304876602939
"1370",-0.29764879100964
"1371",-0.287367160610637
"1372",-0.212419678866463
"1373",-0.0971397020128791
"1374",0.0380047949131381
"1375",0.176748846993079
"1376",0.270265563419736
"1377",0.304084425167517
"1378",0.286236772059241
"1379",0.225136339522641
"1380",0.127526978252717
"1381",0.0273441703198797
"1382",-0.0564462405125847
"1383",-0.119849112281121
"1384",-0.157165696996553
"1385",-0.167075543718188
"1386",-0.157795403952763
"1387",-0.133792901090084
"1388",-0.0995547448497717
"1389",-0.0637543183623289
"1390",-0.0303697452442725
"1391",-0.0037326792881177
"1392",0.019207642208906
"1393",0.035824262601639
"1394",0.0487382129961133
"1395",0.0600198390103304
"1396",0.062986715133852
"1397",0.0577842963296955
"1398",0.0388013011403835
"1399",0.011379422790839
"1400",-0.0131364797714651
"1401",-0.0403127341426091
"1402",-0.0664136408855536
"1403",-0.0793964174779318
"1404",-0.0795081599629433
"1405",-0.0619450230147153
"1406",-0.0257475772149789
"1407",0.0215130795588925
"1408",0.0727555558093511
"1409",0.111796327443034
"1410",0.133143490811416
"1411",0.121812017171949
"1412",0.073628039199007
"1413",0.0245734098139712
"1414",-0.0361117956039455
"1415",-0.0863627562946903
"1416",-0.102688058321006
"1417",-0.0916580809537013
"1418",-0.0568218054175761
"1419",-0.00817353735249775
"1420",0.0407222412437041
"1421",0.0792776437879965
"1422",0.091124544163791
"1423",0.0823496147699184
"1424",0.0549746606945247
"1425",0.0137198380022512
"1426",-0.0236989408428262
"1427",-0.0447527495575636
"1428",-0.0568108281861096
"1429",-0.0524289011712894
"1430",-0.0405549271766046
"1431",-0.0337760822579312
"1432",-0.0278692552609179
"1433",-0.0260607739084629
"1434",-0.0267011085266434
"1435",-0.0330266471018101
"1436",-0.0400182465591401
"1437",-0.0453920884655195
"1438",-0.0458815901603058
"1439",-0.0361921248254642
"1440",-0.00920179867304363
"1441",0.0285628827645368
"1442",0.066903969026213
"1443",0.0889162048455737
"1444",0.0944654206062592
"1445",0.0774147335763461
"1446",0.0311309629941859
"1447",-0.0219603202477529
"1448",-0.0686546694877647
"1449",-0.107757843803429
"1450",-0.1172991657108
"1451",-0.0917386795912897
"1452",-0.043024501943035
"1453",0.0206878657776477
"1454",0.0866241142501391
"1455",0.118431030920783
"1456",0.133175316812783
"1457",0.119911898013155
"1458",0.0780959697222364
"1459",0.0328195724455834
"1460",-0.0118522668676502
"1461",-0.0504048326980364
"1462",-0.0670408092500114
"1463",-0.0702774888326983
"1464",-0.0602543029355118
"1465",-0.0352473815697409
"1466",-0.0113210865534267
"1467",0.00821054285814452
"1468",0.0312900920148653
"1469",0.0489626223332623
"1470",0.0557834579310021
"1471",0.0482316274360329
"1472",0.0397506965924717
"1473",0.0265151286840117
"1474",0.0134044128812825
"1475",-0.00219250062527123
"1476",-0.0321699567860026
"1477",-0.0672213306411777
"1478",-0.100267761681074
"1479",-0.128485807795852
"1480",-0.148794330483794
"1481",-0.154329646093549
"1482",-0.138178846883404
"1483",-0.0970428835601585
"1484",-0.0335953594735417
"1485",0.0453995993782672
"1486",0.133800448427518
"1487",0.217660696806053
"1488",0.281718915877473
"1489",0.290812283840168
"1490",0.240730244493368
"1491",0.140579713603377
"1492",0.00867498653573114
"1493",-0.131647580683073
"1494",-0.244103489447039
"1495",-0.310046291740846
"1496",-0.310080835016425
"1497",-0.24417615903883
"1498",-0.131650905812951
"1499",0.00873572925801892
"1500",0.140571005026181
"1501",0.240619046466531
"1502",0.290665624575286
"1503",0.281631995683717
"1504",0.217639098429302
"1505",0.133794429534978
"1506",0.0453111109070181
"1507",-0.0336198237679643
"1508",-0.0970386067742796
"1509",-0.138180244807581
"1510",-0.154335721015024
"1511",-0.148796261199702
"1512",-0.128482018204567
"1513",-0.100265123727931
"1514",-0.0672260766274304
"1515",-0.0321751951565296
"1516",-0.00215833576014028
"1517",0.0134811075239768
"1518",0.0266100093726269
"1519",0.0398173231317686
"1520",0.0483141702065122
"1521",0.0557922823867058
"1522",0.0489437379253843
"1523",0.0312622146714288
"1524",0.00817324483784946
"1525",-0.0113599418351783
"1526",-0.0352892373197522
"1527",-0.0603022881602856
"1528",-0.0703190731527256
"1529",-0.0670726677688422
"1530",-0.0504213246837255
"1531",-0.0118587483341898
"1532",0.0328165173052971
"1533",0.0780945536752239
"1534",0.119914981224881
"1535",0.133195786058379
"1536",0.118500328423017
"1537",0.0867024656151646
"1538",0.0207215170878242
"1539",-0.0430253480897175
"1540",-0.0917199246868173
"1541",-0.117244990981318
"1542",-0.10775888792601
"1543",-0.0686559795716777
"1544",-0.0219308401413225
"1545",0.0311393499655513
"1546",0.0774221165029331
"1547",0.0944734428790154
"1548",0.0889234953975865
"1549",0.0669145751495422
"1550",0.0285920627513168
"1551",-0.00916234635031936
"1552",-0.0361738428348122
"1553",-0.0458986266487509
"1554",-0.0454089597589471
"1555",-0.0400323061322212
"1556",-0.03305052958567
"1557",-0.0267241003623007
"1558",-0.0260637314243911
"1559",-0.0278720456672718
"1560",-0.0337839031988517
"1561",-0.0405387307304157
"1562",-0.052413014613833
"1563",-0.0568088547485151
"1564",-0.0447355238124899
"1565",-0.0237029860938581
"1566",0.0137016907837624
"1567",0.0549623062735523
"1568",0.0823523816086322
"1569",0.0911260802163932
"1570",0.0792705023956387
"1571",0.040703267182719
"1572",-0.00819637582699452
"1573",-0.0568389737081424
"1574",-0.0916543525360859
"1575",-0.102684854375092
"1576",-0.0863694379206411
"1577",-0.0361035296194505
"1578",0.024560999337062
"1579",0.0735840131692562
"1580",0.121739822077903
"1581",0.133092433890005
"1582",0.111764254644613
"1583",0.072740328773751
"1584",0.0215117934731284
"1585",-0.0257444853298347
"1586",-0.0619403363676251
"1587",-0.079494775951575
"1588",-0.0793704153640868
"1589",-0.0663782553849534
"1590",-0.0402721495307252
"1591",-0.013091264762045
"1592",0.0114216013778442
"1593",0.0388267037877948
"1594",0.0577926061402544
"1595",0.0629948665456888
"1596",0.0600318146503616
"1597",0.0486505000228702
"1598",0.035753902004643
"1599",0.0191298882128898
"1600",-0.0037841900002455
"1601",-0.0303973430711468
"1602",-0.063760984733478
"1603",-0.0995541190577796
"1604",-0.133785931944459
"1605",-0.157811498502657
"1606",-0.167207290946619
"1607",-0.157179850896064
"1608",-0.119848311901658
"1609",-0.0564258888804228
"1610",0.0273238317794754
"1611",0.127537030238941
"1612",0.225205750067645
"1613",0.286373118752489
"1614",0.304258155529548
"1615",0.270368809807617
"1616",0.176755864828828
"1617",0.0379655655766867
"1618",-0.0971258415684527
"1619",-0.212369581459636
"1620",-0.287369687067113
"1621",-0.297740397122422
"1622",-0.249380200219635
"1623",-0.153270198320882
"1624",-0.0277740070625392
"1625",0.10091310439978
"1626",0.203485549682322
"1627",0.253583089033508
"1628",0.245070863207208
"1629",0.203094933301434
"1630",0.129212076105216
"1631",0.0485163064756753
"1632",-0.0221286312045057
"1633",-0.0758487927566238
"1634",-0.109517361109456
"1635",-0.123706481559402
"1636",-0.121705021656863
"1637",-0.107871718344648
"1638",-0.0890027458367195
"1639",-0.0640027175057322
"1640",-0.0396916376169864
"1641",-0.0171928594497454
"1642",-0.00284299774973104
"1643",0.0104307466650403
"1644",0.0230332810993279
"1645",0.0370654583737561
"1646",0.0447290705799419
"1647",0.0476267506674133
"1648",0.0392996136250879
"1649",0.0198453084407851
"1650",-0.00142518881042539
"1651",-0.0370988853684629
"1652",-0.0617079094920018
"1653",-0.0747815151376283
"1654",-0.0719082991392415
"1655",-0.0392476365191399
"1656",-0.00102382190386173
"1657",0.0449647744951003
"1658",0.09170094097826
"1659",0.126310647715191
"1660",0.143663359515878
"1661",0.12376184473159
"1662",0.0736046732240961
"1663",0.0197513512006102
"1664",-0.0384618330653861
"1665",-0.0937967363799241
"1666",-0.122942035644519
"1667",-0.123878040403384
"1668",-0.0949482730212133
"1669",-0.0483186459045111
"1670",0.0116073635290684
"1671",0.0625616167583347
"1672",0.090282902188417
"1673",0.095284430003126
"1674",0.0754114980740154
"1675",0.0359956075530617
"1676",0.00393757155303639
"1677",-0.013041139386851
"1678",-0.0195905446571542
"1679",-0.0192970653968305
"1680",-0.0192635092634186
"1681",-0.0172271201355426
"1682",-0.0189691589567796
"1683",-0.0271566914104894
"1684",-0.0406865220755112
"1685",-0.0539515662690526
"1686",-0.0653381366434243
"1687",-0.0742577631603943
"1688",-0.0740360358684739
"1689",-0.0602505543112509
"1690",-0.0347953072580255
"1691",0.00851596083721889
"1692",0.0585905886548012
"1693",0.0899376598012042
"1694",0.106157995087172
"1695",0.0973094086813735
"1696",0.0599555339685564
"1697",0.00858568820841228
"1698",-0.0415072150322582
"1699",-0.0836219348958475
"1700",-0.0944107962052216
"1701",-0.0768896544941339
"1702",-0.0413213808240221
"1703",0.0154904548422432
"1704",0.0759792071737481
"1705",0.105914364009421
"1706",0.121350639245561
"1707",0.105852258452922
"1708",0.0633076446121631
"1709",0.0157470447955321
"1710",-0.0282010427851976
"1711",-0.060834763077079
"1712",-0.0774856998953584
"1713",-0.0762271583534642
"1714",-0.0625132785149899
"1715",-0.0407007468723939
"1716",-0.0127133643615734
"1717",0.0132798946156851
"1718",0.0358985737255519
"1719",0.0619847182618471
"1720",0.0719974744667513
"1721",0.0779047423304592
"1722",0.0734225417715187
"1723",0.0596763081674649
"1724",0.0363426170675841
"1725",0.00561805538955776
"1726",-0.030235771278348
"1727",-0.0727283429059389
"1728",-0.121926072513887
"1729",-0.167569170836942
"1730",-0.195968006734788
"1731",-0.206119841890167
"1732",-0.192900402241427
"1733",-0.149130767532146
"1734",-0.0739021025272359
"1735",0.0207529219976576
"1736",0.134072002210622
"1737",0.248076640030796
"1738",0.332229387866429
"1739",0.36441208104027
"1740",0.326707688473454
"1741",0.225097464950441
"1742",0.0769535336745612
"1743",-0.0747221232365133
"1744",-0.204501245535485
"1745",-0.287782518712079
"1746",-0.311329506273347
"1747",-0.276470928030273
"1748",-0.194475304772812
"1749",-0.0787257469330777
"1750",0.0479235691375339
"1751",0.1536722089148
"1752",0.216478359508813
"1753",0.230938582881729
"1754",0.198163016455629
"1755",0.138800541082318
"1756",0.0734910962273024
"1757",0.0117458191277116
"1758",-0.0393187849192892
"1759",-0.0728772687296788
"1760",-0.0936336629112162
"1761",-0.100848073138482
"1762",-0.0986730751533842
"1763",-0.0907555624626145
"1764",-0.0735101523250604
"1765",-0.0532618589030577
"1766",-0.0367209675575157
"1767",-0.0259687919875195
"1768",-0.0128137133170652
"1769",0.0019888181430384
"1770",0.0170145191312419
"1771",0.0333487129617556
"1772",0.0424481223882982
"1773",0.0345790112124891
"1774",0.0196133327039127
"1775",0.00216876758876657
"1776",-0.0234818857276709
"1777",-0.0412040823204549
"1778",-0.0505533196360773
"1779",-0.0528124443718839
"1780",-0.0318974613106721
"1781",0.01010296007862
"1782",0.0539029982925188
"1783",0.0938913315537315
"1784",0.133774516689544
"1785",0.142359002840563
"1786",0.118906914688513
"1787",0.073190925226566
"1788",0.0145592453934214
"1789",-0.0491706734813028
"1790",-0.0974002856300329
"1791",-0.125669315760498
"1792",-0.12993026773238
"1793",-0.108556206848991
"1794",-0.0665354273419531
"1795",-0.00883219041053929
"1796",0.0392090201247167
"1797",0.0769738771243109
"1798",0.0886640005549984
"1799",0.0791142331030108
"1800",0.0532168355186999
"1801",0.0254313464175654
"1802",0.00124952536400112
"1803",-0.00609030692644691
"1804",-0.00311325601722308
"1805",0.00182834877589325
"1806",0.00355458804480106
"1807",-0.00567353863747326
"1808",-0.0240603626573045
"1809",-0.0471147549398261
"1810",-0.069293162150208
"1811",-0.0894240838190709
"1812",-0.102144845443833
"1813",-0.0994739623953142
"1814",-0.0853257494293706
"1815",-0.0580112982982736
"1816",-0.00782614140162268
"1817",0.054023067755567
"1818",0.0995588131596805
"1819",0.128829389672564
"1820",0.128149438406496
"1821",0.0860732946339001
"1822",0.0311498223489218
"1823",-0.0170857881670213
"1824",-0.0593677233034767
"1825",-0.0793114354235212
"1826",-0.0721221421839154
"1827",-0.0344614279542325
"1828",0.0124352502591059
"1829",0.0438621848943946
"1830",0.0713065177594315
"1831",0.0909162824532646
"1832",0.0850879848416384
"1833",0.0582119718431725
"1834",0.0125309763106935
"1835",-0.0311192741249572
"1836",-0.0623516483147136
"1837",-0.0806170659694234
"1838",-0.0788990501224936
"1839",-0.0623651965354725
"1840",-0.0451602692071663
"1841",-0.016487694746239
"1842",0.0128057626447125
"1843",0.0377527860018652
"1844",0.0640078115333877
"1845",0.0821152155210421
"1846",0.08853116395622
"1847",0.0810310545849813
"1848",0.0641177364905291
"1849",0.0452475340967511
"1850",0.0183359534227225
"1851",-0.0212346212726539
"1852",-0.0737169003677009
"1853",-0.127876984021125
"1854",-0.180290574793053
"1855",-0.214145831179986
"1856",-0.226296541545455
"1857",-0.212428282347993
"1858",-0.170733364672834
"1859",-0.0966431764678606
"1860",0.00554649302030313
"1861",0.126428769278329
"1862",0.253252450044566
"1863",0.353022864234654
"1864",0.404379131188624
"1865",0.374581320416208
"1866",0.266143777375672
"1867",0.111394477997347
"1868",-0.0386518999777761
"1869",-0.178526543964511
"1870",-0.274394596304139
"1871",-0.310666817839154
"1872",-0.287725886204
"1873",-0.219399046484697
"1874",-0.119427600421728
"1875",-0.00616497413834658
"1876",0.103676046112479
"1877",0.17716294849195
"1878",0.198016850656696
"1879",0.183086720101277
"1880",0.141535269148241
"1881",0.0832832709590837
"1882",0.0280488603528966
"1883",-0.0127005674361225
"1884",-0.0408395126772972
"1885",-0.0591293723303808
"1886",-0.0696800809646301
"1887",-0.0760386815600324
"1888",-0.0749876679953499
"1889",-0.0698980991528775
"1890",-0.0623496403741589
"1891",-0.0537710870294891
"1892",-0.0468041931635973
"1893",-0.0343354313733683
"1894",-0.0153994936782624
"1895",-0.000148165123851847
"1896",0.0158216325235333
"1897",0.0271851819249677
"1898",0.0259603755912405
"1899",0.0226599345034456
"1900",0.0136294097992823
"1901",-0.00726418878839847
"1902",-0.0251409637498114
"1903",-0.0363815389469825
"1904",-0.0374195728701865
"1905",-0.0166691647330437
"1906",0.0206186155515106
"1907",0.0700465844847
"1908",0.113253905027455
"1909",0.143882048235285
"1910",0.14735596991663
"1911",0.123601168179389
"1912",0.0718044976787198
"1913",0.00520753118510838
"1914",-0.0582362609028643
"1915",-0.114157120887888
"1916",-0.145587374958702
"1917",-0.146620378024649
"1918",-0.12523521976445
"1919",-0.0825195590569082
"1920",-0.028661171906737
"1921",0.031500903564911
"1922",0.0695800244940263
"1923",0.0830719937115493
"1924",0.0815492034488611
"1925",0.0621979352932003
"1926",0.0400713624796828
"1927",0.0255915217656257
"1928",0.0205953613919974
"1929",0.0205593952136183
"1930",0.018092722674337
"1931",0.00833300440474117
"1932",-0.00921849849554729
"1933",-0.0319907944940369
"1934",-0.0588498413081303
"1935",-0.081731901052131
"1936",-0.103205135326064
"1937",-0.116878473267126
"1938",-0.115857398689311
"1939",-0.100344117779805
"1940",-0.0666168085481272
"1941",-0.012941572537832
"1942",0.0463552407630649
"1943",0.095406197918805
"1944",0.131588283571323
"1945",0.132455315662054
"1946",0.101847064870649
"1947",0.0519024265846395
"1948",-0.00489506848898717
"1949",-0.0438366241941808
"1950",-0.0610203242651894
"1951",-0.043569813878674
"1952",-0.0119752634797676
"1953",0.0269405838065406
"1954",0.0664385313540852
"1955",0.0824516800118814
"1956",0.0808545202725157
"1957",0.060633990363549
"1958",0.0171626528134902
"1959",-0.020539541658461
"1960",-0.0554265032080988
"1961",-0.085856415460646
"1962",-0.0961862621016177
"1963",-0.0902137879381721
"1964",-0.075250989334766
"1965",-0.0494563557242285
"1966",-0.0133319100392634
"1967",0.021850599519285
"1968",0.0588674201851953
"1969",0.0873409322411479
"1970",0.100948171719235
"1971",0.10608508288655
"1972",0.0997833847642777
"1973",0.0887089663820185
"1974",0.0672761724673188
"1975",0.0315251809578325
"1976",-0.0193448163635637
"1977",-0.086146392778257
"1978",-0.154765632055957
"1979",-0.212797690611211
"1980",-0.253023425625997
"1981",-0.268211628548597
"1982",-0.2516317885662
"1983",-0.204069978440143
"1984",-0.12255793403535
"1985",-0.00401221012724968
"1986",0.142948121549215
"1987",0.287645435593334
"1988",0.402865610457243
"1989",0.466286607947327
"1990",0.438837083092222
"1991",0.32153084752895
"1992",0.161648812527714
"1993",-0.0103797543292179
"1994",-0.169072409874266
"1995",-0.279413638062268
"1996",-0.325681480132674
"1997",-0.318724680819472
"1998",-0.264318558802589
"1999",-0.180285368096026
"2000",-0.0737677011937123
"2001",0.0251598582670755
"2002",0.103462862201162
"2003",0.158639524945137
"2004",0.174247055817483
"2005",0.153977048511407
"2006",0.117166098325205
"2007",0.0753784357080578
"2008",0.0363803083143032
"2009",0.00687787121036184
"2010",-0.0179007587440972
"2011",-0.035456116853324
"2012",-0.049714895631463
"2013",-0.0622321361351423
"2014",-0.0712798441898646
"2015",-0.0751589728367852
"2016",-0.0763594108813204
"2017",-0.0703889051080852
"2018",-0.0572557942501147
"2019",-0.03454413275369
"2020",-0.00922112273173742
"2021",0.0114584334040435
"2022",0.0263449750111368
"2023",0.0225533461212465
"2024",0.0177812825149836
"2025",0.00843341911485776
"2026",-0.00881376645236739
"2027",-0.0265225731022486
"2028",-0.0345257531143013
"2029",-0.0240509309733372
"2030",0.00106836982488321
"2031",0.0412099103113591
"2032",0.0868128084344668
"2033",0.131799138727098
"2034",0.164334445611546
"2035",0.156906666578348
"2036",0.119644302555202
"2037",0.0575634475023014
"2038",-0.0163475851588394
"2039",-0.0895946066104824
"2040",-0.14106303867865
"2041",-0.163913978070864
"2042",-0.165253235194005
"2043",-0.141797575558963
"2044",-0.0963693847759345
"2045",-0.0350990829928311
"2046",0.0270623406247796
"2047",0.0753881615605461
"2048",0.101135033581424
"2049",0.101908316672971
"2050",0.086948434352475
"2051",0.0569644676931938
"2052",0.0375006508626005
"2053",0.0305362084266246
"2054",0.0290904710970628
"2055",0.0283482649539245
"2056",0.0208232441164924
"2057",0.000367119785220871
"2058",-0.0285225895325844
"2059",-0.0632088491893791
"2060",-0.0923664446462838
"2061",-0.114621800955313
"2062",-0.126466470351277
"2063",-0.122106653823027
"2064",-0.109148023284498
"2065",-0.079114806735022
"2066",-0.0259068372489446
"2067",0.0359881518471192
"2068",0.0929181981400749
"2069",0.132623265249251
"2070",0.14439337240677
"2071",0.117092920579035
"2072",0.0636851317185333
"2073",0.0123752122738539
"2074",-0.0306108636592004
"2075",-0.0470224615378871
"2076",-0.0393916274354183
"2077",-0.0126043152540998
"2078",0.0356760852116102
"2079",0.0647398665093857
"2080",0.0809335237890622
"2081",0.0814742638220027
"2082",0.055544743229662
"2083",0.020676097651637
"2084",-0.0258776811231492
"2085",-0.0710045695826717
"2086",-0.0965328447794973
"2087",-0.109162350399899
"2088",-0.101663555342226
"2089",-0.0844941276318462
"2090",-0.0522590376876855
"2091",-0.0119978234008347
"2092",0.0272114720478231
"2093",0.0666232755552817
"2094",0.0981143379033703
"2095",0.118144960160643
"2096",0.122381195313716
"2097",0.115900475472003
"2098",0.0985830950047463
"2099",0.0713881380001803
"2100",0.0332826909814682
"2101",-0.0230754683930066
"2102",-0.0905241729296224
"2103",-0.159978934646532
"2104",-0.22108947771059
"2105",-0.26420707087499
"2106",-0.283449286584336
"2107",-0.272451335018972
"2108",-0.227348204265153
"2109",-0.147039896339601
"2110",-0.0310437622371845
"2111",0.117017993263902
"2112",0.281214394863521
"2113",0.41394558586293
"2114",0.479113563366291
"2115",0.473008626071233
"2116",0.372952588272362
"2117",0.204049587433756
"2118",0.0235333309476491
"2119",-0.142291499195921
"2120",-0.262685525972926
"2121",-0.327101099260757
"2122",-0.330736226019469
"2123",-0.284777667984648
"2124",-0.200915577283702
"2125",-0.097262252058045
"2126",0.00680090170228446
"2127",0.0955057264266414
"2128",0.140625667135694
"2129",0.150208096075732
"2130",0.147225633941708
"2131",0.118775380896504
"2132",0.0809301786730028
"2133",0.0450284052811316
"2134",0.0183719186716605
"2135",0.0011872923188237
"2136",-0.0133238233945584
"2137",-0.0279681380118691
"2138",-0.0429999041791307
"2139",-0.0600334883084889
"2140",-0.073119498373748
"2141",-0.0791571361230314
"2142",-0.0772051279231437
"2143",-0.0690215370199255
"2144",-0.0534992062279688
"2145",-0.0299951345397127
"2146",-0.00617731818706186
"2147",0.00509122105182479
"2148",0.0117786317101632
"2149",0.016990102789897
"2150",0.0174451636591392
"2151",0.000778257664740129
"2152",-0.0117498915956041
"2153",-0.0174929735904004
"2154",-0.0183188414524874
"2155",-0.00365124824608531
"2156",0.0369249740061738
"2157",0.0882098495227258
"2158",0.135864968039345
"2159",0.169072206818341
"2160",0.166970808110143
"2161",0.130751096253341
"2162",0.0648647003852443
"2163",-0.0138651744570312
"2164",-0.090056708246228
"2165",-0.149563586640637
"2166",-0.181242213585467
"2167",-0.18066893725597
"2168",-0.152087905308218
"2169",-0.10298181811208
"2170",-0.0431022499556176
"2171",0.021974810924075
"2172",0.0701045225023645
"2173",0.0927684490647648
"2174",0.101188479469787
"2175",0.0889673448105588
"2176",0.0683659474662647
"2177",0.0484555017570323
"2178",0.0385217204015283
"2179",0.0416605459526702
"2180",0.043835818823973
"2181",0.0332598410237918
"2182",0.00794127941139989
"2183",-0.0282958871879885
"2184",-0.0705027335212146
"2185",-0.106713057340021
"2186",-0.131989650610044
"2187",-0.146391887714666
"2188",-0.148474254736212
"2189",-0.130022303468056
"2190",-0.0902802716959349
"2191",-0.0407323622146292
"2192",0.0239461982124191
"2193",0.0972791113733911
"2194",0.157039082664826
"2195",0.172483655021222
"2196",0.139549552475169
"2197",0.0858543401976831
"2198",0.0241420300417823
"2199",-0.0306148848776426
"2200",-0.0524053191376433
"2201",-0.0417432455608341
"2202",-0.0147520832178488
"2203",0.020308744686663
"2204",0.0668336188841451
"2205",0.0806062637255564
"2206",0.0741585795652598
"2207",0.0530686722207163
"2208",0.0209155776822463
"2209",-0.0214626752973949
"2210",-0.0614726116163344
"2211",-0.092220069361925
"2212",-0.110477970015392
"2213",-0.110009763393905
"2214",-0.0965843546527515
"2215",-0.0689485829400887
"2216",-0.0252752224141518
"2217",0.0184046858733307
"2218",0.0649065999953325
"2219",0.105144905783433
"2220",0.127390117528513
"2221",0.135751436654474
"2222",0.131322905541207
"2223",0.113462201107988
"2224",0.0890342496408361
"2225",0.0524848538518791
"2226",-0.00217045492888679
"2227",-0.0760551854356219
"2228",-0.159001192554684
"2229",-0.23344917611338
"2230",-0.290164192489237
"2231",-0.316952676168748
"2232",-0.308510035234105
"2233",-0.262949799583449
"2234",-0.183597721172671
"2235",-0.0564495964353978
"2236",0.108816907230071
"2237",0.284209064612676
"2238",0.431748697976248
"2239",0.529928086748203
"2240",0.53283997459909
"2241",0.423525577154247
"2242",0.260842873555717
"2243",0.063646461539531
"2244",-0.125799809436164
"2245",-0.256681355623133
"2246",-0.330772699303743
"2247",-0.344468691470593
"2248",-0.308807993485942
"2249",-0.242149848710652
"2250",-0.149905677035171
"2251",-0.0534860448754362
"2252",0.0346167851895447
"2253",0.101788826938316
"2254",0.138165321120262
"2255",0.151650525948544
"2256",0.137289044440016
"2257",0.109466206406747
"2258",0.0786349871381847
"2259",0.0481291988618067
"2260",0.0253441357713826
"2261",0.00500834847932495
"2262",-0.0120325020887896
"2263",-0.0292114115863128
"2264",-0.0468932747592447
"2265",-0.0653939258200132
"2266",-0.0789962151596937
"2267",-0.0870381147290499
"2268",-0.084889499667625
"2269",-0.0717491641800005
"2270",-0.0522261437186194
"2271",-0.0291131930082715
"2272",-0.0108788555945061
"2273",0.0108489706667511
"2274",0.0199722181474765
"2275",0.0153164859486727
"2276",0.00271097026725791
"2277",-0.0125830029981089
"2278",-0.0248411503872107
"2279",-0.0186180677997326
"2280",0.00886657323364995
"2281",0.0527119645843668
"2282",0.107520738275394
"2283",0.153642692635034
"2284",0.18370449717448
"2285",0.176719715175381
"2286",0.131963673075518
"2287",0.0663673101638
"2288",-0.00866747523355664
"2289",-0.0929093269196741
"2290",-0.15079430420852
"2291",-0.181832180610474
"2292",-0.18667591961513
"2293",-0.167498704475516
"2294",-0.123608263504103
"2295",-0.0662457740458257
"2296",-3.49422392584405e-05
"2297",0.0509331828952425
"2298",0.0853650545228632
"2299",0.0986632794975063
"2300",0.09273571674552
"2301",0.076360096267443
"2302",0.0641228062519015
"2303",0.0576178939132032
"2304",0.0579439471951613
"2305",0.0584106479387284
"2306",0.0476089381167284
"2307",0.0197415891001099
"2308",-0.0242919124104297
"2309",-0.0737521673159716
"2310",-0.116120964027988
"2311",-0.145213148729029
"2312",-0.163311727504797
"2313",-0.160821930359631
"2314",-0.141498171434138
"2315",-0.102543125167021
"2316",-0.0472358401962891
"2317",0.0263314806908936
"2318",0.0967625629739835
"2319",0.146496727324365
"2320",0.168913016815802
"2321",0.153245481985445
"2322",0.0999561902627483
"2323",0.0387425357386026
"2324",-0.0127613944505732
"2325",-0.0395690689316154
"2326",-0.0391943952312506
"2327",-0.00808660954945897
"2328",0.0369800450260107
"2329",0.0718881457076901
"2330",0.0850291758389684
"2331",0.075336871403578
"2332",0.0517670308803052
"2333",0.0117610065817069
"2334",-0.035712459259786
"2335",-0.0751924841697222
"2336",-0.110568807504738
"2337",-0.127427814391516
"2338",-0.125339351208217
"2339",-0.103977389188089
"2340",-0.0696724460425863
"2341",-0.025726209966189
"2342",0.021378072110757
"2343",0.071730375930698
"2344",0.105535710375634
"2345",0.127382002015389
"2346",0.141702508391626
"2347",0.142517537359188
"2348",0.129919390151059
"2349",0.106231484049529
"2350",0.0660170208219475
"2351",0.00417084566184146
"2352",-0.0757473841074592
"2353",-0.159794003846491
"2354",-0.239115395057374
"2355",-0.300097370850546
"2356",-0.330185387923771
"2357",-0.326651549086756
"2358",-0.288784084505307
"2359",-0.210157143590556
"2360",-0.0868704009776235
"2361",0.0791130669110143
"2362",0.265491169024188
"2363",0.429179006332688
"2364",0.541759446763127
"2365",0.562719999089387
"2366",0.485841878369148
"2367",0.319019689474171
"2368",0.119459867737195
"2369",-0.0718243619736908
"2370",-0.231414294045644
"2371",-0.32683844201381
"2372",-0.360314721470263
"2373",-0.344324894651229
"2374",-0.281546173589217
"2375",-0.200684407807628
"2376",-0.108645591477449
"2377",-0.0124046840569404
"2378",0.0573697246785612
"2379",0.110918619494413
"2380",0.141039493315016
"2381",0.143272768470422
"2382",0.126154967645952
"2383",0.106672060907914
"2384",0.0849539543419169
"2385",0.0618662307248197
"2386",0.0381508941391814
"2387",0.0140621353026695
"2388",-0.0159125616001962
"2389",-0.045512526060434
"2390",-0.0728503948286924
"2391",-0.0947581020407417
"2392",-0.107382493072187
"2393",-0.103288168192654
"2394",-0.0836676865308276
"2395",-0.059254648767478
"2396",-0.0341418716089304
"2397",-0.00888577974842976
"2398",0.00749178429458507
"2399",0.017399060690573
"2400",0.0237604617601097
"2401",0.0137503400808126
"2402",0.00506682594604661
"2403",-0.0105890202372448
"2404",-0.0113068490148092
"2405",0.0150971486934614
"2406",0.0614749428570018
"2407",0.112246463982693
"2408",0.163561998713423
"2409",0.198818777898449
"2410",0.189831544995377
"2411",0.146976164223684
"2412",0.0720339981100906
"2413",-0.0102795073551558
"2414",-0.0992898996099824
"2415",-0.168831707045618
"2416",-0.208734265258314
"2417",-0.217941018185759
"2418",-0.196799611508008
"2419",-0.150564319332869
"2420",-0.0844164230213858
"2421",-0.0098833261031073
"2422",0.0490811636498155
"2423",0.0934696385568449
"2424",0.110660665124097
"2425",0.108438920480728
"2426",0.0988193461283865
"2427",0.0888242220150942
"2428",0.0813368282787771
"2429",0.0806305259229042
"2430",0.0769009224988065
"2431",0.0590304399801683
"2432",0.0250338194225691
"2433",-0.0228761166259144
"2434",-0.0752385592215436
"2435",-0.124030653547338
"2436",-0.161710727488046
"2437",-0.183373596995985
"2438",-0.18834197020383
"2439",-0.174292954443504
"2440",-0.135759994961295
"2441",-0.0701366788186295
"2442",0.00921562132173453
"2443",0.104966743697754
"2444",0.169448658737654
"2445",0.19930428425685
"2446",0.182331517418487
"2447",0.131334613698747
"2448",0.0699797121715636
"2449",0.00684846536888279
"2450",-0.0287624409275075
"2451",-0.0304378742733239
"2452",-0.00892342600960393
"2453",0.0223265284052237
"2454",0.0562727766268392
"2455",0.0613066325518068
"2456",0.0531248304915687
"2457",0.0311967027459862
"2458",-0.0073433389173985
"2459",-0.0534269042128663
"2460",-0.0891826250104274
"2461",-0.116721438055344
"2462",-0.132865688951567
"2463",-0.127119534599611
"2464",-0.0994731610064183
"2465",-0.0606014945768499
"2466",-0.00945510027795977
"2467",0.0439332639817994
"2468",0.0931043160955757
"2469",0.127533046514131
"2470",0.145567183809658
"2471",0.150283913435456
"2472",0.146048602606608
"2473",0.131278315171116
"2474",0.105764803590087
"2475",0.0652005275849209
"2476",0.00346876371732432
"2477",-0.0783040104767368
"2478",-0.167704409245841
"2479",-0.250644339817309
"2480",-0.315563014892843
"2481",-0.355658550408494
"2482",-0.359383229631074
"2483",-0.320819259915177
"2484",-0.23640748674741
"2485",-0.101727149948877
"2486",0.0783667986862191
"2487",0.282085905873818
"2488",0.460626653410686
"2489",0.59097105316254
"2490",0.617426405816074
"2491",0.526550448932716
"2492",0.36107086301467
"2493",0.154100611178477
"2494",-0.0630204125259145
"2495",-0.237143389064901
"2496",-0.343038020185086
"2497",-0.389192783825239
"2498",-0.381465072122839
"2499",-0.329500845542996
"2500",-0.245041949569104
"2501",-0.145432141968804
"2502",-0.0413317136805221
"2503",0.048726164175167
"2504",0.10910340601435
"2505",0.150512747290939
"2506",0.161538261126032
"2507",0.154446817996181
"2508",0.134670979965392
"2509",0.110143501566904
"2510",0.0828553310281748
"2511",0.0532849661618857
"2512",0.0219557781787099
"2513",-0.0122267475503553
"2514",-0.046492975636626
"2515",-0.0761694998863556
"2516",-0.0982664142059884
"2517",-0.111816144250966
"2518",-0.111796371954775
"2519",-0.0983759155079334
"2520",-0.0750697768130338
"2521",-0.0538910295422947
"2522",-0.0300651414409202
"2523",-0.00844471209709733
"2524",0.00809968274579343
"2525",0.0198370666298635
"2526",0.0209999488071881
"2527",0.00978662855889066
"2528",-0.00185921698212343
"2529",0.00235692373791364
"2530",0.0318344980807472
"2531",0.0788180728646494
"2532",0.137058146496619
"2533",0.18589183650893
"2534",0.20841154222683
"2535",0.198623207332389
"2536",0.142017080901978
"2537",0.0574843515640388
"2538",-0.0379942029219021
"2539",-0.124693128766762
"2540",-0.186350217091538
"2541",-0.214614908528986
"2542",-0.218707621632517
"2543",-0.195514041774827
"2544",-0.154911914149953
"2545",-0.0907326145803194
"2546",-0.0215724073932519
"2547",0.0405960637091984
"2548",0.0896487391896764
"2549",0.119245923295049
"2550",0.12343291780447
"2551",0.116069594559453
"2552",0.106412849299291
"2553",0.0998402610324291
"2554",0.0961028454713493
"2555",0.0888521059959219
"2556",0.0682718821450676
"2557",0.0302250943055367
"2558",-0.0220012002411545
"2559",-0.0825869465917064
"2560",-0.139120034295473
"2561",-0.182356562507693
"2562",-0.205506771860468
"2563",-0.204228618387792
"2564",-0.179982854058595
"2565",-0.136089347124551
"2566",-0.0681616962086576
"2567",0.0200737995805529
"2568",0.0980167579183993
"2569",0.164163275891156
"2570",0.207352980525579
"2571",0.19397354833751
"2572",0.153583191152444
"2573",0.0972318052379648
"2574",0.044086858870328
"2575",0.0037626759351981
"2576",-0.0100522085911588
"2577",-0.00451630068779738
"2578",0.0149377160284893
"2579",0.0310245984732309
"2580",0.0367488620006841
"2581",0.0327042100899945
"2582",0.00430281719461923
"2583",-0.0298138403572298
"2584",-0.0672071285533262
"2585",-0.0974781946839896
"2586",-0.120323574780845
"2587",-0.130515801548627
"2588",-0.122067387128417
"2589",-0.0946940792446732
"2590",-0.047783958672964
"2591",-0.00200068530343516
"2592",0.0486110741973145
"2593",0.0946045724009181
"2594",0.130718929270129
"2595",0.153683606752201
"2596",0.167718169590159
"2597",0.164918016449563
"2598",0.147241748118207
"2599",0.11463036863685
"2600",0.0614064326984563
"2601",-0.0119265729674798
"2602",-0.098462794713072
"2603",-0.190257525839115
"2604",-0.272160716305318
"2605",-0.335391352855505
"2606",-0.369069811514589
"2607",-0.363673662298403
"2608",-0.31808040352221
"2609",-0.228873161890084
"2610",-0.0928602778210104
"2611",0.0836005127349895
"2612",0.287956300642901
"2613",0.481325897750368
"2614",0.605777060389751
"2615",0.635176332524118
"2616",0.551784986092143
"2617",0.377379181334968
"2618",0.165781188964287
"2619",-0.0465972884383301
"2620",-0.224681752904511
"2621",-0.343234752425049
"2622",-0.401882804146677
"2623",-0.40797589739923
"2624",-0.366815778940891
"2625",-0.287095540608192
"2626",-0.185617654771544
"2627",-0.0717324201556933
"2628",0.0339162200155954
"2629",0.110949264914477
"2630",0.148758660623753
"2631",0.165399978655815
"2632",0.164803463789713
"2633",0.154792807458851
"2634",0.135353408915428
"2635",0.109470185318617
"2636",0.0787949627901913
"2637",0.0389872230594449
"2638",-0.00629469750782522
"2639",-0.0507933420858053
"2640",-0.0862835530568293
"2641",-0.112134528939877
"2642",-0.126310907629598
"2643",-0.130929906158613
"2644",-0.122946832759803
"2645",-0.101716689790983
"2646",-0.0696341554905041
"2647",-0.0400706807318661
"2648",-0.0100233522411112
"2649",0.0153172046644156
"2650",0.0348905531364148
"2651",0.0431098531025943
"2652",0.0381383552510008
"2653",0.0336684053338821
"2654",0.0345421593996195
"2655",0.0546917137103715
"2656",0.0932845824079055
"2657",0.143199649087167
"2658",0.181982741078695
"2659",0.204200750112998
"2660",0.187348019010824
"2661",0.125083263833023
"2662",0.0427296070203701
"2663",-0.0454267342166658
"2664",-0.129419360723205
"2665",-0.190395791708221
"2666",-0.225504079838438
"2667",-0.232557636035625
"2668",-0.211026222249412
"2669",-0.16357665134309
"2670",-0.0987569082926908
"2671",-0.0266394027168362
"2672",0.0463146619293099
"2673",0.0987109730421165
"2674",0.125551574882755
"2675",0.127876327307036
"2676",0.120698640945445
"2677",0.110679017862452
"2678",0.104707677382496
"2679",0.101200613924761
"2680",0.0951702614310238
"2681",0.074879409551504
"2682",0.0374517214826407
"2683",-0.0174220287838814
"2684",-0.0779601435586238
"2685",-0.136162093563259
"2686",-0.183122431171709
"2687",-0.211174721751626
"2688",-0.217329457545639
"2689",-0.203529904347
"2690",-0.160153036927045
"2691",-0.0852105243165283
"2692",0.00339477169029823
"2693",0.0901949872506933
"2694",0.167522311745033
"2695",0.210489636964205
"2696",0.209341708718768
"2697",0.170283849876747
"2698",0.109511043430725
"2699",0.0530400749299203
"2700",0.0136525185150092
"2701",0.00373357307077903
"2702",0.00983162456710114
"2703",0.023909956076023
"2704",0.037587731220858
"2705",0.0335689223232567
"2706",0.0110137455496764
"2707",-0.0197758786021963
"2708",-0.0528280809573715
"2709",-0.0934893119248353
"2710",-0.126884329191368
"2711",-0.142946051987301
"2712",-0.140509481044184
"2713",-0.123227176878388
"2714",-0.0905517806790962
"2715",-0.042490100771517
"2716",0.00969797044799902
"2717",0.0608767537817718
"2718",0.108724381819759
"2719",0.151070653493842
"2720",0.176730304332964
"2721",0.191384692145564
"2722",0.181823882058805
"2723",0.158025443306792
"2724",0.119232859101752
"2725",0.0649223187537532
"2726",-0.00913718163757543
"2727",-0.0996461848517525
"2728",-0.195942289973999
"2729",-0.286021551968614
"2730",-0.354718977435295
"2731",-0.395643117294454
"2732",-0.398143106358364
"2733",-0.353916259502322
"2734",-0.264631985124723
"2735",-0.119284040861176
"2736",0.0766346863108834
"2737",0.300714594759677
"2738",0.505680225141152
"2739",0.660423560402038
"2740",0.705212335347112
"2741",0.608507508145879
"2742",0.417163419218949
"2743",0.195003136064444
"2744",-0.0431502196206605
"2745",-0.232377190664292
"2746",-0.353378616425263
"2747",-0.414392477050154
"2748",-0.42211203224488
"2749",-0.385341080132993
"2750",-0.312967038499623
"2751",-0.217226828816467
"2752",-0.114354291695669
"2753",-0.01033625014213
"2754",0.0764825829221407
"2755",0.137013454204993
"2756",0.166456653133378
"2757",0.173641170558274
"2758",0.171372457732888
"2759",0.161290326547087
"2760",0.142222414109569
"2761",0.110425994610469
"2762",0.0682987311073906
"2763",0.0193004278579011
"2764",-0.0312822429585742
"2765",-0.0762318790433961
"2766",-0.11522814648697
"2767",-0.140277676318313
"2768",-0.14830394346149
"2769",-0.144502177319859
"2770",-0.126190345187996
"2771",-0.0916579467280801
"2772",-0.052171752121331
"2773",-0.0163647780439565
"2774",0.0294195291455014
"2775",0.0489831835383616
"2776",0.0454454706017154
"2777",0.0365362886030961
"2778",0.0270034653112631
"2779",0.0204162569970394
"2780",0.0415500866113216
"2781",0.093675629752712
"2782",0.157313143316224
"2783",0.200967962888882
"2784",0.226541740454305
"2785",0.208584293967844
"2786",0.141843784174425
"2787",0.0536901881631166
"2788",-0.0397186981348493
"2789",-0.127123844205823
"2790",-0.196966595820055
"2791",-0.23363080685362
"2792",-0.237259940641342
"2793",-0.223564235575311
"2794",-0.18728906551241
"2795",-0.125486607802144
"2796",-0.0553277362129209
"2797",0.016627032347537
"2798",0.0782267341638439
"2799",0.120586874938278
"2800",0.133772335076145
"2801",0.132127160397918
"2802",0.12924049840935
"2803",0.132143963524274
"2804",0.133240794094885
"2805",0.123448933159075
"2806",0.0963003815090363
"2807",0.0486417129626064
"2808",-0.0174441263578562
"2809",-0.0886876872897902
"2810",-0.149644219633964
"2811",-0.194930807760617
"2812",-0.224375203724096
"2813",-0.229397540184907
"2814",-0.213475287331263
"2815",-0.177415567925319
"2816",-0.108014021258382
"2817",-0.0138137030452108
"2818",0.0884344145920136
"2819",0.172317111683989
"2820",0.221461628727084
"2821",0.216940375013258
"2822",0.178522323801641
"2823",0.121738804058398
"2824",0.065582762103093
"2825",0.0335384308175811
"2826",0.031163584007207
"2827",0.0382802853021541
"2828",0.0519644762179188
"2829",0.0554326211450742
"2830",0.0356227438562793
"2831",0.00680417953140391
"2832",-0.0273307360452034
"2833",-0.0658053019454702
"2834",-0.104124732450048
"2835",-0.137653026755454
"2836",-0.157766740268018
"2837",-0.159004347120132
"2838",-0.144651387531424
"2839",-0.108868139058016
"2840",-0.0571386928692284
"2841",0.00153865160878764
"2842",0.0600536463000891
"2843",0.109494051479923
"2844",0.14898176197578
"2845",0.176213059495913
"2846",0.189007978638156
"2847",0.193448749259465
"2848",0.178741563720975
"2849",0.144976978248616
"2850",0.0910344132378566
"2851",0.0127379244641678
"2852",-0.0869907587082638
"2853",-0.196798314755809
"2854",-0.29796546459451
"2855",-0.376953237849009
"2856",-0.422414502785851
"2857",-0.428684074850611
"2858",-0.385345123978268
"2859",-0.287617121886609
"2860",-0.138887736846394
"2861",0.0635145191611739
"2862",0.295253743002442
"2863",0.520612790464554
"2864",0.672992451065847
"2865",0.715772096431898
"2866",0.643859599224239
"2867",0.462006510035101
"2868",0.233504928297027
"2869",0.00236755541006074
"2870",-0.191171921393377
"2871",-0.329989041742533
"2872",-0.412459264277646
"2873",-0.442045930682821
"2874",-0.420945302284727
"2875",-0.359839737944859
"2876",-0.264944916258716
"2877",-0.150083836223454
"2878",-0.0374413878218418
"2879",0.0580906470184028
"2880",0.123124518932701
"2881",0.160875105301131
"2882",0.183250404310331
"2883",0.189209110264996
"2884",0.181769737163676
"2885",0.163788273988648
"2886",0.131168606606665
"2887",0.0874646498009695
"2888",0.0350208168190923
"2889",-0.0210442559734634
"2890",-0.0732856961926904
"2891",-0.120423450705548
"2892",-0.152239329011174
"2893",-0.164332622015593
"2894",-0.155477206218387
"2895",-0.131848074458681
"2896",-0.092807106826078
"2897",-0.0553563916826819
"2898",-0.028884739011101
"2899",-0.00253671455156209
"2900",0.0198589822898083
"2901",0.0351620673481742
"2902",0.0363333313683607
"2903",0.0357591495050587
"2904",0.04204517734614
"2905",0.057029504233701
"2906",0.0999589889550309
"2907",0.160993000960247
"2908",0.208260519699759
"2909",0.232936840475799
"2910",0.228751226678588
"2911",0.165838889460449
"2912",0.0682497987532524
"2913",-0.0378717965916157
"2914",-0.137539283047803
"2915",-0.210913876376935
"2916",-0.249089974905498
"2917",-0.260656244631713
"2918",-0.244728946970337
"2919",-0.204411479292614
"2920",-0.143225877235155
"2921",-0.066222198281473
"2922",0.0141063820668667
"2923",0.0828952061964558
"2924",0.126826242787909
"2925",0.142615679985239
"2926",0.143721446189569
"2927",0.140833288378939
"2928",0.138560039957742
"2929",0.135649818111255
"2930",0.1329784577784
"2931",0.113852410599299
"2932",0.0669383175139091
"2933",-0.00208157841930624
"2934",-0.0791053843790916
"2935",-0.150415824238935
"2936",-0.20972075535042
"2937",-0.245264623321686
"2938",-0.256887920725517
"2939",-0.248981590272114
"2940",-0.209743331910964
"2941",-0.133991107367361
"2942",-0.0291077792206533
"2943",0.0789001092503337
"2944",0.169044670485623
"2945",0.23987893409289
"2946",0.251485982027453
"2947",0.207011070189928
"2948",0.148507284436504
"2949",0.0927881497470868
"2950",0.04501485534014
"2951",0.0350717560389356
"2952",0.0469531997639526
"2953",0.054694509818044
"2954",0.0539275560851615
"2955",0.042306417606854
"2956",0.00817211903949224
"2957",-0.0305868564658335
"2958",-0.0778230894195693
"2959",-0.125778525725029
"2960",-0.163481799711726
"2961",-0.181630245056995
"2962",-0.179218059618368
"2963",-0.154310063281128
"2964",-0.113796600354002
"2965",-0.0608102803765304
"2966",-0.00207118162973295
"2967",0.057422629594782
"2968",0.111646180622202
"2969",0.153345548059437
"2970",0.183183419579529
"2971",0.201161797496058
"2972",0.204811277543761
"2973",0.193399056277087
"2974",0.171821796486071
"2975",0.130154084319659
"2976",0.0498302019862578
"2977",-0.0653498801236541
"2978",-0.194849478111635
"2979",-0.310501452866796
"2980",-0.404190429172119
"2981",-0.46524762754084
"2982",-0.482231021412831
"2983",-0.453547088574253
"2984",-0.37335457502659
"2985",-0.228343937166751
"2986",-0.0023904736855336
"2987",0.280638986046613
"2988",0.554167932586005
"2989",0.805800219125812
